workload,variant,structure,n,time_ms,steps,moves,comparisons
W1,-,DynamicArray,100,0.264600,10000,0,0
W1,-,MyLinkedList,100,0.809400,501327,0,0
W1,-,DynamicArray,1000,0.051800,10000,0,0
W1,-,MyLinkedList,1000,5.781900,4961776,0,0
W1,-,DynamicArray,10000,0.042200,10000,0,0
W1,-,MyLinkedList,10000,62.121600,49998943,0,0
W1,-,DynamicArray,100000,0.006500,10000,0,0
W1,-,MyLinkedList,100000,639.066700,502391623,0,0
W2,-,DynamicArray,100,0.338600,75375,0,75375
W2,-,MyLinkedList,100,0.317200,74875,0,75375
W2,-,DynamicArray,1000,0.282200,752679,0,752679
W2,-,MyLinkedList,1000,1.334400,752179,0,752679
W2,-,DynamicArray,10000,2.597100,7506930,0,7506930
W2,-,MyLinkedList,10000,13.516500,7506430,0,7506930
W2,-,DynamicArray,100000,28.998600,75203654,0,75203654
W2,-,MyLinkedList,100000,137.049400,75203154,0,75203654
W3,head,DynamicArray,100,0.281400,1201120,1200120,0
W3,head,MyLinkedList,100,0.074200,1000,3000,0
W3,middle,DynamicArray,100,0.194800,601620,600620,0
W3,middle,MyLinkedList,100,0.938200,600500,3000,0
W3,head,DynamicArray,1000,0.946300,3001280,3000280,0
W3,head,MyLinkedList,1000,0.094200,1000,3000,0
W3,middle,DynamicArray,1000,0.421700,1501780,1500780,0
W3,middle,MyLinkedList,1000,1.951000,1500500,3000,0
W3,head,DynamicArray,10000,5.443500,21010240,21009240,0
W3,head,MyLinkedList,10000,0.020700,1000,3000,0
W3,middle,DynamicArray,10000,2.227000,10510740,10509740,0
W3,middle,MyLinkedList,10000,13.046500,10500500,3000,0
W3,head,DynamicArray,100000,49.878300,201000000,200999000,0
W3,head,MyLinkedList,100000,0.010000,1000,3000,0
W3,middle,DynamicArray,100000,28.530600,100500500,100499500,0
W3,middle,MyLinkedList,100000,123.060100,100500500,3000,0
W4,-,MinHeap,100,0.128800,3551,1313,1069
W4,-,MinHeap,1000,0.221100,55053,19525,17264
W4,-,MinHeap,10000,1.310500,748595,259675,239460
W4,-,MinHeap,100000,13.404900,9539809,3320859,3059475
